<?xml version="1.0" encoding="UTF-8"?>
<project-private xmlns="http://www.netbeans.org/ns/project-private/1">
    <editor-bookmarks xmlns="http://www.netbeans.org/ns/editor-bookmarks/2" lastBookmarkId="0"/>
    <open-files xmlns="http://www.netbeans.org/ns/projectui-open-files/2">
        <group>
            <file>file:/C:/Users/Jonny/Documents/NetBeansProjects/MedicalResourceSystem/src/medicalresourcesystem/ReadTimetable.java</file>
            <file>file:/C:/Users/Jonny/Documents/NetBeansProjects/MedicalResourceSystem/src/medicalresourcesystem/DoctorList.java</file>
            <file>file:/C:/Users/Jonny/Documents/NetBeansProjects/MedicalResourceSystem/src/medicalresourcesystem/ReadAndWrite.java</file>
            <file>file:/C:/Users/Jonny/Documents/NetBeansProjects/MedicalResourceSystem/src/medicalresourcesystem/ReadAndWriteDoctor.java</file>
            <file>file:/C:/Users/Jonny/Documents/NetBeansProjects/MedicalResourceSystem/src/medicalresourcesystem/Doctor.java</file>
            <file>file:/C:/Users/Jonny/Documents/NetBeansProjects/MedicalResourceSystem/src/medicalresourcesystem/Availability.java</file>
            <file>file:/C:/Users/Jonny/Documents/NetBeansProjects/MedicalResourceSystem/src/medicalresourcesystem/MedicalResourceSystem.java</file>
        </group>
    </open-files>
</project-private>
