<?xml version="1.0" encoding="UTF-8"?>
<project-private xmlns="http://www.netbeans.org/ns/project-private/1">
    <editor-bookmarks xmlns="http://www.netbeans.org/ns/editor-bookmarks/2" lastBookmarkId="0"/>
    <open-files xmlns="http://www.netbeans.org/ns/projectui-open-files/2">
        <group>
            <file>file:/E:/Assignment%20updated/Assignment/src/Doctor.java</file>
            <file>file:/E:/Assignment%20updated/Assignment/src/MediSourceFrameGUI.java</file>
            <file>file:/E:/Assignment%20updated/Assignment/src/ReadTimetable.java</file>
            <file>file:/E:/Assignment%20updated/Assignment/src/ReadAndWrite.java</file>
            <file>file:/E:/Assignment%20updated/Assignment/src/MedicalResourceSystem.java</file>
            <file>file:/E:/Assignment%20updated/Assignment/src/Availability.java</file>
            <file>file:/E:/Assignment%20updated/Assignment/src/ReadAndWriteDoctor.java</file>
            <file>file:/E:/Assignment%20updated/Assignment/src/DoctorList.java</file>
        </group>
    </open-files>
</project-private>
